id,question,options,correct,category,difficulty
1,"In Deutschland dürfen Menschen offen etwas gegen die Regierung sagen, weil ...","[""hier Religionsfreiheit gilt."", ""die Menschen Steuern zahlen."", ""die Menschen das Wahlrecht haben."", ""hier Meinungsfreiheit gilt.""]",hier Meinungsfreiheit gilt.,Grundrechte,easy
2,"In Deutschland können Eltern bis zum 14. Lebensjahr ihres Kindes entscheiden, ob es in der Schule am ...","[""Geschichtsunterricht teilnimmt."", ""Religionsunterricht teilnimmt."", ""Politikunterricht teilnimmt."", ""Sprachunterricht teilnimmt.""]",Religionsunterricht teilnimmt.,Grundrechte,medium
3,Deutschland ist ein Rechtsstaat. Was ist damit gemeint?,"[""Alle Einwohnerinnen/Einwohner und der Staat m\u00fcssen sich an die Gesetze halten."", ""Der Staat muss sich nicht an die Gesetze halten."", ""Nur Deutsche m\u00fcssen die Gesetze befolgen."", ""Die Gerichte machen die Gesetze.""]",Alle Einwohnerinnen/Einwohner und der Staat müssen sich an die Gesetze halten.,Rechtssystem,easy
4,Welches Recht gehört zu den Grundrechten in Deutschland?,"[""Waffenbesitz"", ""Faustrecht"", ""Meinungsfreiheit"", ""Selbstjustiz""]",Meinungsfreiheit,Grundrechte,easy
5,Wahlen in Deutschland sind frei. Was bedeutet das?,"[""Man darf Geld annehmen, wenn man daf\u00fcr eine bestimmte Kandidatin/einen bestimmten Kandidaten w\u00e4hlt."", ""Nur Personen, die noch nie im Gef\u00e4ngnis waren, d\u00fcrfen w\u00e4hlen."", ""Die W\u00e4hlerin/der W\u00e4hler darf bei der Wahl weder beeinflusst noch zu einer bestimmten Stimmabgabe gezwungen werden und keine Nachteile durch die Wahl haben."", ""Alle wahlberechtigten Personen m\u00fcssen w\u00e4hlen.""]",Die Wählerin/der Wähler darf bei der Wahl weder beeinflusst noch zu einer bestimmten Stimmabgabe gezwungen werden und keine Nachteile durch die Wahl haben.,Demokratie und Wahlen,medium
6,Wie heißt die deutsche Verfassung?,"[""Volksgesetz"", ""Bundesgesetz"", ""Deutsches Gesetz"", ""Grundgesetz""]",Grundgesetz,Grundrechte,easy
7,"Welches Recht gehört zu den Grundrechten, die nach der deutschen Verfassung garantiert werden? Das Recht auf ...","[""Glaubens- und Gewissensfreiheit"", ""Unterhaltung"", ""Arbeit"", ""Wohnung""]",Glaubens- und Gewissensfreiheit,Grundrechte,easy
8,Was steht nicht im Grundgesetz von Deutschland?,"[""Die W\u00fcrde des Menschen ist unantastbar."", ""Alle sollen gleich viel Geld haben."", ""Jeder Mensch darf seine Meinung sagen."", ""Alle sind vor dem Gesetz gleich.""]",Alle sollen gleich viel Geld haben.,Grundrechte,medium
9,Welches Grundrecht gilt in Deutschland nur für Ausländerinnen/Ausländer? Das Grundrecht auf ...,"[""Schutz der Familie"", ""Menschenw\u00fcrde"", ""Asyl"", ""Meinungsfreiheit""]",Asyl,Grundrechte,medium
10,Was ist mit dem deutschen Grundgesetz vereinbar?,"[""die Pr\u00fcgelstrafe"", ""die Folter"", ""die Todesstrafe"", ""die Geldstrafe""]",die Geldstrafe,Grundrechte,easy
11,Wie wird die Verfassung der Bundesrepublik Deutschland genannt?,"[""Grundgesetz"", ""Bundesverfassung"", ""Gesetzbuch"", ""Verfassungsvertrag""]",Grundgesetz,Grundrechte,easy
12,Eine Partei im Deutschen Bundestag will die Pressefreiheit abschaffen. Ist das möglich?,"[""Ja, wenn mehr als die H\u00e4lfte der Abgeordneten im Bundestag daf\u00fcr sind."", ""Ja, aber dazu m\u00fcssen zwei Drittel der Abgeordneten im Bundestag daf\u00fcr sein."", ""Nein, denn die Pressefreiheit ist ein Grundrecht. Sie kann nicht abgeschafft werden."", ""Nein, denn nur der Bundesrat kann die Pressefreiheit abschaffen.""]","Nein, denn die Pressefreiheit ist ein Grundrecht. Sie kann nicht abgeschafft werden.",Grundrechte,hard
13,Im Parlament steht der Begriff 'Opposition' für ...,"[""die regierenden Parteien."", ""die Fraktion mit den meisten Abgeordneten."", ""alle Parteien, die bei der letzten Wahl die 5%-H\u00fcrde erreichen konnten."", ""alle Abgeordneten, die nicht zu der Regierungspartei/den Regierungsparteien geh\u00f6ren.""]","alle Abgeordneten, die nicht zu der Regierungspartei/den Regierungsparteien gehören.",Demokratie und Wahlen,medium
14,"Meinungsfreiheit in Deutschland heißt, dass ich ...","[""Passanten auf der Stra\u00dfe beschimpfen darf."", ""meine Meinung im Internet \u00e4u\u00dfern kann."", ""Nazi-, Hamas- oder Islamischer Staat-Symbole \u00f6ffentlich tragen darf."", ""meine Meinung nur dann \u00e4u\u00dfern darf, solange ich der Regierung nicht widerspreche.""]",meine Meinung im Internet äußern kann.,Grundrechte,medium
15,Was verbietet das deutsche Grundgesetz?,"[""Milit\u00e4rdienst"", ""Zwangsarbeit"", ""freie Berufswahl"", ""Arbeit im Ausland""]",Zwangsarbeit,Grundrechte,medium
16,Wann ist die Meinungsfreiheit in Deutschland eingeschränkt?,"[""bei der \u00f6ffentlichen Verbreitung falscher Behauptungen \u00fcber einzelne Personen"", ""bei Meinungs\u00e4u\u00dferungen \u00fcber die Bundesregierung"", ""bei Diskussionen \u00fcber Religionen"", ""bei Kritik am Staat""]",bei der öffentlichen Verbreitung falscher Behauptungen über einzelne Personen,Grundrechte,hard
17,Die deutschen Gesetze verbieten ...,"[""Meinungsfreiheit der Einwohnerinnen und Einwohner."", ""Petitionen der B\u00fcrgerinnen und B\u00fcrger."", ""Versammlungsfreiheit der Einwohnerinnen und Einwohner."", ""Ungleichbehandlung der B\u00fcrgerinnen und B\u00fcrger durch den Staat.""]",Ungleichbehandlung der Bürgerinnen und Bürger durch den Staat.,Grundrechte,medium
18,Welches Grundrecht ist in Artikel 1 des Grundgesetzes der Bundesrepublik Deutschland garantiert?,"[""die Unantastbarkeit der Menschenw\u00fcrde"", ""das Recht auf Leben"", ""Religionsfreiheit"", ""Meinungsfreiheit""]",die Unantastbarkeit der Menschenwürde,Grundrechte,easy
19,Was versteht man unter dem Recht der 'Freizügigkeit' in Deutschland?,"[""Man darf sich seinen Wohnort selbst aussuchen."", ""Man kann seinen Beruf wechseln."", ""Man darf sich f\u00fcr eine andere Religion entscheiden."", ""Man darf sich in der \u00d6ffentlichkeit nur leicht bekleidet bewegen.""]",Man darf sich seinen Wohnort selbst aussuchen.,Grundrechte,easy
20,"Eine Partei in Deutschland verfolgt das Ziel, eine Diktatur zu errichten. Sie ist dann ...","[""tolerant."", ""rechtsstaatlich orientiert."", ""gesetzestreu."", ""verfassungswidrig.""]",verfassungswidrig.,Demokratie und Wahlen,medium
21,Welches ist das Wappen der Bundesrepublik Deutschland?,"[""Bild 1"", ""Bild 2"", ""Bild 3"", ""Bild 4""]",Bild 1,Allgemein,easy
22,Was für eine Staatsform hat Deutschland?,"[""Monarchie"", ""Diktatur"", ""Republik"", ""F\u00fcrstentum""]",Republik,Allgemein,easy
23,In Deutschland sind die meisten Erwerbstätigen ...,"[""in kleinen Familienunternehmen besch\u00e4ftigt."", ""ehrenamtlich f\u00fcr ein Bundesland t\u00e4tig."", ""selbstst\u00e4ndig mit einer eigenen Firma t\u00e4tig."", ""bei einer Firma oder Beh\u00f6rde besch\u00e4ftigt.""]",bei einer Firma oder Behörde beschäftigt.,Kultur und Gesellschaft,easy
24,Wie viele Bundesländer hat die Bundesrepublik Deutschland?,"[""14"", ""15"", ""16"", ""17""]",16,Geografie,easy
25,Was ist kein Bundesland der Bundesrepublik Deutschland?,"[""Elsass-Lothringen"", ""Nordrhein-Westfalen"", ""Mecklenburg-Vorpommern"", ""Sachsen-Anhalt""]",Elsass-Lothringen,Geografie,easy
26,Deutschland ist ...,"[""eine kommunistische Republik."", ""ein demokratischer und sozialer Bundesstaat."", ""eine kapitalistische und soziale Monarchie."", ""ein sozialer und sozialistischer Bundesstaat.""]",ein demokratischer und sozialer Bundesstaat.,Allgemein,easy
27,Deutschland ist ...,"[""ein sozialistischer Staat."", ""ein Bundesstaat."", ""eine Diktatur."", ""eine Monarchie.""]",ein Bundesstaat.,Föderalismus,easy
28,Wer wählt in Deutschland die Abgeordneten zum Bundestag?,"[""das Milit\u00e4r"", ""die Wirtschaft"", ""das wahlberechtigte Volk"", ""die Verwaltung""]",das wahlberechtigte Volk,Demokratie und Wahlen,easy
29,Welches Tier ist das Wappentier der Bundesrepublik Deutschland?,"[""L\u00f6we"", ""Adler"", ""B\u00e4r"", ""Pferd""]",Adler,Allgemein,easy
30,Was ist kein Merkmal unserer Demokratie?,"[""regelm\u00e4\u00dfige Wahlen"", ""Pressezensur"", ""Meinungsfreiheit"", ""verschiedene Parteien""]",Pressezensur,Demokratie und Wahlen,easy
31,Die Zusammenarbeit von Parteien zur Bildung einer Regierung nennt man in Deutschland ...,"[""Einheit."", ""Koalition."", ""Ministerium."", ""Fraktion.""]",Koalition.,Demokratie und Wahlen,easy
32,Was ist keine staatliche Gewalt in Deutschland?,"[""Gesetzgebung"", ""Regierung"", ""Presse"", ""Rechtsprechung""]",Presse,Rechtssystem,medium
33,Welche Aussage ist richtig? In Deutschland ...,"[""sind Staat und Religionsgemeinschaften voneinander getrennt."", ""bilden die Religionsgemeinschaften den Staat."", ""ist der Staat abh\u00e4ngig von den Religionsgemeinschaften."", ""bilden Staat und Religionsgemeinschaften eine Einheit.""]",sind Staat und Religionsgemeinschaften voneinander getrennt.,Grundrechte,medium
34,Was ist Deutschland nicht?,"[""eine Demokratie"", ""ein Rechtsstaat"", ""eine Monarchie"", ""ein Sozialstaat""]",eine Monarchie,Allgemein,easy
35,Womit finanziert der deutsche Staat die Sozialversicherung?,"[""Kirchensteuer"", ""Sozialabgaben"", ""Spendengeldern"", ""Vereinsbeitr\u00e4gen""]",Sozialabgaben,Kultur und Gesellschaft,easy
36,Welche Maßnahme schafft in Deutschland soziale Sicherheit?,"[""die Krankenversicherung"", ""die Autoversicherung"", ""die Geb\u00e4udeversicherung"", ""die Haftpflichtversicherung""]",die Krankenversicherung,Kultur und Gesellschaft,easy
37,Wie werden die Regierungschefinnen/Regierungschefs der meisten Bundesländer in Deutschland genannt?,"[""Erste Ministerin/Erster Minister"", ""Premierministerin/Premierminister"", ""Senatorin/Senator"", ""Ministerpr\u00e4sidentin/Ministerpr\u00e4sident""]",Ministerpräsidentin/Ministerpräsident,Föderalismus,medium
38,Die Bundesrepublik Deutschland ist ein demokratischer und sozialer ...,"[""Staatenverbund."", ""Bundesstaat."", ""Staatenbund."", ""Zentralstaat.""]",Bundesstaat.,Föderalismus,easy
39,Was hat jedes deutsche Bundesland?,"[""eine eigene Au\u00dfenministerin/einen eigenen Au\u00dfenminister"", ""eine eigene W\u00e4hrung"", ""eine eigene Armee"", ""eine eigene Regierung""]",eine eigene Regierung,Föderalismus,medium
40,Mit welchen Worten beginnt die deutsche Nationalhymne?,"[""V\u00f6lker, h\u00f6rt die Signale ..."", ""Einigkeit und Recht und Freiheit ..."", ""Freude sch\u00f6ner G\u00f6tterfunken ..."", ""Deutschland einig Vaterland ...""]",Einigkeit und Recht und Freiheit ...,Kultur und Gesellschaft,easy
41,Warum gibt es in einer Demokratie mehr als eine Partei?,"[""weil dadurch die unterschiedlichen Meinungen der B\u00fcrgerinnen und B\u00fcrger vertreten werden"", ""damit Bestechung in der Politik begrenzt wird"", ""um politische Demonstrationen zu verhindern"", ""um wirtschaftlichen Wettbewerb anzuregen""]",weil dadurch die unterschiedlichen Meinungen der Bürgerinnen und Bürger vertreten werden,Demokratie und Wahlen,medium
42,Wer beschließt in Deutschland ein neues Gesetz?,"[""die Regierung"", ""das Parlament"", ""die Gerichte"", ""die Polizei""]",das Parlament,Rechtssystem,easy
43,Wann kann in Deutschland eine Partei verboten werden?,"[""wenn ihr Wahlkampf zu teuer ist"", ""wenn sie gegen die Verfassung k\u00e4mpft"", ""wenn sie Kritik am Staatsoberhaupt \u00e4u\u00dfert"", ""wenn ihr Programm eine neue Richtung vorschl\u00e4gt""]",wenn sie gegen die Verfassung kämpft,Demokratie und Wahlen,hard
44,Wen kann man als Bürgerin/Bürger in Deutschland nicht direkt wählen?,"[""Abgeordnete des EU-Parlaments"", ""Die Bundespr\u00e4sidentin/den Bundespr\u00e4sidenten"", ""Landtagsabgeordnete"", ""Bundestagsabgeordnete""]",Die Bundespräsidentin/den Bundespräsidenten,Demokratie und Wahlen,medium
45,Zu welcher Versicherung gehört die Pflegeversicherung?,"[""Sozialversicherung"", ""Unfallversicherung"", ""Hausratsversicherung"", ""Haftpflicht- und Feuerversicherung""]",Sozialversicherung,Kultur und Gesellschaft,easy
46,Der deutsche Staat hat viele Aufgaben. Welche Aufgabe gehört dazu?,"[""Er baut Stra\u00dfen und Schulen."", ""Er verkauft Lebensmittel und Kleidung."", ""Er versorgt alle Einwohnerinnen und Einwohner kostenlos mit Zeitungen."", ""Er produziert Autos und Busse.""]",Er baut Straßen und Schulen.,Allgemein,easy
47,Der deutsche Staat hat viele Aufgaben. Welche Aufgabe gehört nicht dazu?,"[""Er bezahlt f\u00fcr alle Staatsangeh\u00f6rigen Urlaubsreisen."", ""Er zahlt Kindergeld."", ""Er unterst\u00fctzt Museen."", ""Er f\u00f6rdert Sportlerinnen und Sportler.""]",Er bezahlt für alle Staatsangehörigen Urlaubsreisen.,Allgemein,easy
48,Welches Organ gehört nicht zu den Verfassungsorganen Deutschlands?,"[""der Bundesrat"", ""die Bundespr\u00e4sidentin/der Bundespr\u00e4sident"", ""die B\u00fcrgerversammlung"", ""die Regierung""]",die Bürgerversammlung,Demokratie und Wahlen,medium
49,Wer bestimmt in Deutschland die Schulpolitik?,"[""die Lehrer und Lehrerinnen"", ""die Bundesl\u00e4nder"", ""das Familienministerium"", ""die Universit\u00e4ten""]",die Bundesländer,Föderalismus,easy
50,Die Wirtschaftsform in Deutschland nennt man ...,"[""freie Zentralwirtschaft."", ""soziale Marktwirtschaft."", ""gelenkte Zentralwirtschaft."", ""Planwirtschaft.""]",soziale Marktwirtschaft.,Kultur und Gesellschaft,easy
51,"Zu einem demokratischen Rechtsstaat gehört es nicht, dass ...","[""Menschen sich kritisch \u00fcber die Regierung \u00e4u\u00dfern k\u00f6nnen."", ""B\u00fcrger friedlich demonstrieren gehen d\u00fcrfen."", ""Menschen von einer Privatpolizei ohne Grund verhaftet werden."", ""jemand ein Verbrechen begeht und deshalb verhaftet wird.""]",Menschen von einer Privatpolizei ohne Grund verhaftet werden.,Rechtssystem,medium
52,Was bedeutet 'Volkssouveränität'? Alle Staatsgewalt geht vom ...,"[""Volke aus."", ""Bundestag aus."", ""preu\u00dfischen K\u00f6nig aus."", ""Bundesverfassungsgericht aus.""]",Volke aus.,Demokratie und Wahlen,medium
53,Was bedeutet 'Rechtsstaat' in Deutschland?,"[""Der Staat hat Recht."", ""Es gibt nur rechte Parteien."", ""Die B\u00fcrgerinnen und B\u00fcrger entscheiden \u00fcber Gesetze."", ""Der Staat muss die Gesetze einhalten.""]",Der Staat muss die Gesetze einhalten.,Rechtssystem,easy
54,Was ist keine staatliche Gewalt in Deutschland?,"[""Legislative"", ""Judikative"", ""Exekutive"", ""Direktive""]",Direktive,Rechtssystem,medium
55,Was zeigt dieses Bild?,"[""den Bundestagssitz in Berlin"", ""das Bundesverfassungsgericht in Karlsruhe"", ""das Bundesratsgeb\u00e4ude in Berlin"", ""das Bundeskanzleramt in Berlin""]",den Bundestagssitz in Berlin,Demokratie und Wahlen,easy
56,Welches Amt gehört in Deutschland zur Gemeindeverwaltung?,"[""Pfarramt"", ""Ordnungsamt"", ""Finanzamt"", ""Ausw\u00e4rtiges Amt""]",Ordnungsamt,Föderalismus,easy
57,Wer wird meistens zur Präsidentin/zum Präsidenten des Deutschen Bundestages gewählt?,"[""die/der \u00e4lteste Abgeordnete im Parlament"", ""die Ministerpr\u00e4sidentin/der Ministerpr\u00e4sident des gr\u00f6\u00dften Bundeslandes"", ""eine ehemalige Bundeskanzlerin/ein ehemaliger Bundeskanzler"", ""eine Abgeordnete/ein Abgeordneter der st\u00e4rksten Fraktion""]",eine Abgeordnete/ein Abgeordneter der stärksten Fraktion,Demokratie und Wahlen,medium
58,Wer ernennt in Deutschland die Ministerinnen/die Minister der Bundesregierung?,"[""die Pr\u00e4sidentin/der Pr\u00e4sident des Bundesverfassungsgerichtes"", ""die Bundespr\u00e4sidentin/der Bundespr\u00e4sident"", ""die Bundesratspr\u00e4sidentin/der Bundesratspr\u00e4sident"", ""die Bundestagspr\u00e4sidentin/der Bundestagspr\u00e4sident""]",die Bundespräsidentin/der Bundespräsident,Demokratie und Wahlen,medium
59,Vor wie vielen Jahren gab es erstmals eine jüdische Gemeinde auf dem Gebiet des heutigen Deutschlands?,"[""vor etwa 300 Jahren"", ""vor etwa 700 Jahren"", ""vor etwa 1150 Jahren"", ""vor etwa 1700 Jahren""]",vor etwa 1700 Jahren,Geschichte,hard
60,In Deutschland gehören der Bundestag und der Bundesrat zur ...,"[""Exekutive."", ""Legislative."", ""Direktive."", ""Judikative.""]",Legislative.,Rechtssystem,easy
61,Was bedeutet 'Volkssouveränität'?,"[""Die K\u00f6nigin/der K\u00f6nig herrscht \u00fcber das Volk."", ""Das Bundesverfassungsgericht steht \u00fcber der Verfassung."", ""Die Interessenverb\u00e4nde \u00fcben die Souver\u00e4nit\u00e4t zusammen mit der Regierung aus."", ""Die Staatsgewalt geht vom Volke aus.""]",Die Staatsgewalt geht vom Volke aus.,Demokratie und Wahlen,medium
62,"Wenn das Parlament eines deutschen Bundeslandes gewählt wird, nennt man das ...","[""Kommunalwahl"", ""Landtagswahl"", ""Europawahl"", ""Bundestagswahl""]",Landtagswahl,Demokratie und Wahlen,easy
63,Was gehört in Deutschland nicht zur Exekutive?,"[""die Polizei"", ""die Gerichte"", ""das Finanzamt"", ""die Ministerien""]",die Gerichte,Rechtssystem,medium
64,Die Bundesrepublik Deutschland ist heute gegliedert in ...,"[""vier Besatzungszonen."", ""einen Oststaat und einen Weststaat."", ""16 Kantone."", ""Bund, L\u00e4nder und Kommunen.""]","Bund, Länder und Kommunen.",Föderalismus,easy
65,"Es gehört nicht zu den Aufgaben des Deutschen Bundestages, ...","[""Gesetze zu entwerfen."", ""die Bundesregierung zu kontrollieren."", ""die Bundeskanzlerin/den Bundeskanzler zu w\u00e4hlen."", ""das Bundeskabinett zu bilden.""]",das Bundeskabinett zu bilden.,Demokratie und Wahlen,hard
66,Welche Städte haben die größten jüdischen Gemeinden in Deutschland?,"[""Berlin und M\u00fcnchen"", ""Hamburg und Essen"", ""N\u00fcrnberg und Stuttgart"", ""Worms und Speyer""]",Berlin und München,Kultur und Gesellschaft,medium
67,Was ist in Deutschland vor allem eine Aufgabe der Bundesländer?,"[""Verteidigungspolitik"", ""Au\u00dfenpolitik"", ""Wirtschaftspolitik"", ""Schulpolitik""]",Schulpolitik,Föderalismus,easy
68,Warum kontrolliert der Staat in Deutschland das Schulwesen?,"[""weil es in Deutschland nur staatliche Schulen gibt"", ""weil alle Sch\u00fclerinnen und Sch\u00fcler einen Schulabschluss haben m\u00fcssen"", ""weil es in den Bundesl\u00e4ndern verschiedene Schulen gibt"", ""weil es nach dem Grundgesetz seine Aufgabe ist""]",weil es nach dem Grundgesetz seine Aufgabe ist,Föderalismus,medium
69,Die Bundesrepublik Deutschland hat einen dreistufigen Verwaltungsaufbau. Wie heißt die unterste politische Stufe?,"[""Stadtr\u00e4te"", ""Landr\u00e4te"", ""Gemeinden"", ""Bezirks\u00e4mter""]",Gemeinden,Föderalismus,medium
70,Der deutsche Bundespräsident Gustav Heinemann gibt Helmut Schmidt 1974 die Ernennungsurkunde zum deutschen Bundeskanzler. Was gehört zu den Aufgaben der deutschen Bundespräsidentin/des deutschen Bundespräsidenten?,"[""Sie/Er f\u00fchrt die Regierungsgesch\u00e4fte."", ""Sie/Er kontrolliert die Regierungspartei."", ""Sie/Er w\u00e4hlt die Ministerinnen/Minister aus."", ""Sie/Er schl\u00e4gt die Kanzlerin/den Kanzler zur Wahl vor.""]",Sie/Er schlägt die Kanzlerin/den Kanzler zur Wahl vor.,Demokratie und Wahlen,medium
71,Wo hält sich die deutsche Bundeskanzlerin/der deutsche Bundeskanzler am häufigsten auf? Am häufigsten ist sie/er ...,"[""in Bonn, weil sich dort das Bundeskanzleramt und der Bundestag befinden."", ""auf Schloss Meseberg, dem G\u00e4stehaus der Bundesregierung, um Staatsg\u00e4ste zu empfangen."", ""auf Schloss Bellevue, dem Amtssitz der Bundespr\u00e4sidentin/des Bundespr\u00e4sidenten, um Staatsg\u00e4ste zu empfangen."", ""in Berlin, weil sich dort das Bundeskanzleramt und der Bundestag befinden.""]","in Berlin, weil sich dort das Bundeskanzleramt und der Bundestag befinden.",Demokratie und Wahlen,easy
72,Wie heißt die jetzige Bundeskanzlerin/der jetzige Bundeskanzler von Deutschland?,"[""Gerhard Schr\u00f6der"", ""Angela Merkel"", ""Ursula von der Leyen"", ""Friedrich Merz""]",Angela Merkel,Demokratie und Wahlen,easy
73,Die beiden größten Fraktionen im Deutschen Bundestag heißen zurzeit ...,"[""CDU/CSU und AfD."", ""Die Linke und B\u00fcndnis 90/Die Gr\u00fcnen."", ""B\u00fcndnis 90/Die Gr\u00fcnen und SPD."", ""Die Linke und CDU/CSU.""]",Bündnis 90/Die Grünen und SPD.,Demokratie und Wahlen,easy
74,Wie heißt das Parlament für ganz Deutschland?,"[""Bundesversammlung"", ""Volkskammer"", ""Bundestag"", ""Bundesgerichtshof""]",Bundestag,Demokratie und Wahlen,easy
75,Wie heißt Deutschlands heutiges Staatsoberhaupt?,"[""Frank-Walter Steinmeier"", ""B\u00e4rbel Bas"", ""Bodo Ramelow"", ""Joachim Gauck""]",Frank-Walter Steinmeier,Demokratie und Wahlen,easy
76,Was bedeutet die Abkürzung CDU in Deutschland?,"[""Christliche Deutsche Union"", ""Club Deutscher Unternehmer"", ""Christlicher Deutscher Umweltschutz"", ""Christlich Demokratische Union""]",Christlich Demokratische Union,Demokratie und Wahlen,easy
77,Was ist die Bundeswehr?,"[""die deutsche Polizei"", ""ein deutscher Hafen"", ""eine deutsche B\u00fcrgerinitiative"", ""die deutsche Armee""]",die deutsche Armee,Allgemein,easy
78,Was bedeutet die Abkürzung SPD?,"[""Sozialistische Partei Deutschlands"", ""Sozialpolitische Partei Deutschlands"", ""Sozialdemokratische Partei Deutschlands"", ""Sozialgerechte Partei Deutschlands""]",Sozialdemokratische Partei Deutschlands,Demokratie und Wahlen,easy
79,Was bedeutet die Abkürzung FDP in Deutschland?,"[""Friedliche Demonstrative Partei"", ""Freie Deutschland Partei"", ""F\u00fchrende Demokratische Partei"", ""Freie Demokratische Partei""]",Freie Demokratische Partei,Demokratie und Wahlen,easy
80,Welches Gericht in Deutschland ist zuständig für die Auslegung des Grundgesetzes?,"[""Oberlandesgericht"", ""Amtsgericht"", ""Bundesverfassungsgericht"", ""Verwaltungsgericht""]",Bundesverfassungsgericht,Rechtssystem,medium
81,Wer wählt die Bundeskanzlerin/den Bundeskanzler in Deutschland?,"[""der Bundesrat"", ""die Bundesversammlung"", ""das Volk"", ""der Bundestag""]",der Bundestag,Demokratie und Wahlen,easy
82,Wer leitet das deutsche Bundeskabinett?,"[""die Bundestagspr\u00e4sidentin/der Bundestagspr\u00e4sident"", ""die Bundespr\u00e4sidentin/der Bundespr\u00e4sident"", ""die Bundesratspr\u00e4sidentin/der Bundesratspr\u00e4sident"", ""die Bundeskanzlerin/der Bundeskanzler""]",die Bundeskanzlerin/der Bundeskanzler,Demokratie und Wahlen,medium
83,Wer wählt die deutsche Bundeskanzlerin/den deutschen Bundeskanzler?,"[""das Volk"", ""die Bundesversammlung"", ""der Bundestag"", ""die Bundesregierung""]",der Bundestag,Demokratie und Wahlen,easy
84,Welche Hauptaufgabe hat die deutsche Bundespräsidentin/der deutsche Bundespräsident? Sie/Er...,"[""regiert das Land."", ""entwirft die Gesetze."", ""repr\u00e4sentiert das Land."", ""\u00fcberwacht die Einhaltung der Gesetze.""]",repräsentiert das Land.,Demokratie und Wahlen,easy
85,Wer bildet den deutschen Bundesrat?,"[""die Abgeordneten des Bundestages"", ""die Ministerinnen und Minister der Bundesregierung"", ""die Regierungsvertreter der Bundesl\u00e4nder"", ""die Parteimitglieder""]",die Regierungsvertreter der Bundesländer,Föderalismus,medium
86,Wer wählt in Deutschland die Bundespräsidentin/den Bundespräsidenten?,"[""die Bundesversammlung"", ""der Bundesrat"", ""das Bundesparlament"", ""das Bundesverfassungsgericht""]",die Bundesversammlung,Demokratie und Wahlen,medium
87,Wer ist das Staatsoberhaupt der Bundesrepublik Deutschland?,"[""die Bundeskanzlerin/der Bundeskanzler"", ""die Bundespr\u00e4sidentin/der Bundespr\u00e4sident"", ""die Bundesratspr\u00e4sidentin/der Bundesratspr\u00e4sident"", ""die Bundestagspr\u00e4sidentin/der Bundestagspr\u00e4sident""]",die Bundespräsidentin/der Bundespräsident,Demokratie und Wahlen,easy
88,Die parlamentarische Opposition im Deutschen Bundestag ...,"[""kontrolliert die Regierung."", ""entscheidet, wer Bundesministerin/Bundesminister wird."", ""bestimmt, wer im Bundesrat sitzt."", ""schl\u00e4gt die Regierungschefinnen/Regierungschefs der L\u00e4nder vor.""]",kontrolliert die Regierung.,Demokratie und Wahlen,medium
89,Wie nennt man in Deutschland die Vereinigung von Abgeordneten einer Partei im Parlament?,"[""Verband"", ""\u00c4ltestenrat"", ""Fraktion"", ""Opposition""]",Fraktion,Demokratie und Wahlen,easy
90,Die deutschen Bundesländer wirken an der Gesetzgebung des Bundes mit durch ...,"[""den Bundesrat."", ""die Bundesversammlung."", ""den Bundestag."", ""die Bundesregierung.""]",den Bundesrat.,Föderalismus,medium
91,In Deutschland kann ein Regierungswechsel in einem Bundesland Auswirkungen auf die Bundespolitik haben. Das Regieren wird ...,"[""schwieriger, wenn sich dadurch die Mehrheit im Bundestag \u00e4ndert."", ""leichter, wenn dadurch neue Parteien in den Bundesrat kommen."", ""schwieriger, wenn dadurch die Mehrheit im Bundesrat ver\u00e4ndert wird."", ""leichter, wenn es sich um ein reiches Bundesland handelt.""]","schwieriger, wenn dadurch die Mehrheit im Bundesrat verändert wird.",Föderalismus,hard
92,Was bedeutet die Abkürzung CSU in Deutschland?,"[""Christlich Sichere Union"", ""Christlich S\u00fcddeutsche Union"", ""Christlich Sozialer Unternehmerverband"", ""Christlich Soziale Union""]",Christlich Soziale Union,Demokratie und Wahlen,easy
93,"Je mehr 'Zweitstimmen' eine Partei bei einer Bundestagswahl bekommt, desto ...","[""weniger Erststimmen kann sie haben."", ""mehr Direktkandidaten der Partei ziehen ins Parlament ein."", ""gr\u00f6\u00dfer ist das Risiko, eine Koalition bilden zu m\u00fcssen."", ""mehr Sitze erh\u00e4lt die Partei im Parlament.""]",mehr Sitze erhält die Partei im Parlament.,Demokratie und Wahlen,medium
94,Ab welchem Alter darf man in Deutschland an der Wahl zum Deutschen Bundestag teilnehmen?,"[""16"", ""18"", ""21"", ""23""]",18,Demokratie und Wahlen,easy
95,Was gilt für die meisten Kinder in Deutschland?,"[""Wahlpflicht"", ""Schulpflicht"", ""Schweigepflicht"", ""Religionspflicht""]",Schulpflicht,Kultur und Gesellschaft,easy
96,"Wie kann jemand, der den Holocaust leugnet, bestraft werden?","[""K\u00fcrzung sozialer Leistungen"", ""bis zu 100 Sozialstunden"", ""gar nicht, Holocaustleugnung ist erlaubt"", ""mit Freiheitsstrafe bis zu f\u00fcnf Jahren oder mit Geldstrafe""]",mit Freiheitsstrafe bis zu fünf Jahren oder mit Geldstrafe,Rechtssystem,medium
97,"Was bezahlt man in Deutschland automatisch, wenn man fest angestellt ist?","[""Sozialversicherung"", ""Sozialhilfe"", ""Kindergeld"", ""Wohngeld""]",Sozialversicherung,Kultur und Gesellschaft,easy
98,"Wenn Abgeordnete im Deutschen Bundestag ihre Fraktion wechseln, ...","[""d\u00fcrfen sie nicht mehr an den Sitzungen des Parlaments teilnehmen."", ""kann die Regierung ihre Mehrheit verlieren."", ""muss die Bundespr\u00e4sidentin/der Bundespr\u00e4sident zuvor ihr/sein Einverst\u00e4ndnis geben."", ""d\u00fcrfen die W\u00e4hlerinnen/W\u00e4hler dieser Abgeordneten noch einmal w\u00e4hlen.""]",kann die Regierung ihre Mehrheit verlieren.,Demokratie und Wahlen,hard
99,Wer bezahlt in Deutschland die Sozialversicherungen?,"[""Arbeitgeberinnen/Arbeitgeber und Arbeitnehmerinnen/Arbeitnehmer"", ""nur Arbeitnehmerinnen/Arbeitnehmer"", ""alle Staatsangeh\u00f6rigen"", ""nur Arbeitgeberinnen/Arbeitgeber""]",Arbeitgeberinnen/Arbeitgeber und Arbeitnehmerinnen/Arbeitnehmer,Kultur und Gesellschaft,easy
100,Was gehört nicht zur gesetzlichen Sozialversicherung?,"[""die Lebensversicherung"", ""die gesetzliche Rentenversicherung"", ""die Arbeitslosenversicherung"", ""die Pflegeversicherung""]",die Lebensversicherung,Kultur und Gesellschaft,easy
